ID,CheckID,CheckingPeer,State,Time
0,0,bmartin,Start,2023-01-08 04:00:00
2,1,bgates,Start,2023-01-10 10:20:00
3,1,bgates,Success,2023-01-10 10:50:00
1,0,bmartin,Failure,2023-01-08 04:20:00
4,3,bmartin,Start,2023-02-10 19:30:00
6,4,ltorvalds,Start,2023-02-10 19:10:00
5,3,bmartin,Success,2023-02-10 19:55:00
7,4,ltorvalds,Success,2023-02-10 19:10:00
8,5,ltorvalds,Start,2023-04-10 10:00:00
9,5,ltorvalds,Success,2023-04-10 10:30:00
10,6,bstroustrup,Start,2023-05-05 14:40:00
11,6,bstroustrup,Success,2023-05-05 15:05:00
12,7,bstroustrup,Start,2023-05-20 19:00:00
13,7,bstroustrup,Success,2023-05-20 19:28:00